window_start,market,tweet_count,unique_authors,engagement_total,bullish_count,bearish_count,neutral_count,composite_signal,ci95_lower,ci95_upper,confidence,manipulation_risk_mean
2026-08-03T08:15:00+00:00,banknifty,2,2,520,0,0,2,0.0,0.0,0.0,0.5725,0.0
2026-08-03T08:15:00+00:00,intraday,1,1,397,0,0,1,0.0,0.0,0.0,0.56125,0.0
2026-08-03T08:15:00+00:00,nifty50,2,2,708,0,1,1,-0.16668,-0.493347,0.159986,0.507167,0.0
2026-08-03T08:15:00+00:00,sensex,1,1,533,1,0,0,0.35,0.35,0.35,0.56125,1.0
2026-08-03T08:30:00+00:00,banknifty,6,6,1977,2,2,2,0.006517,-1.0,1.0,0.4175,0.0
2026-08-03T08:30:00+00:00,intraday,4,4,816,0,0,4,0.0,0.0,0.0,0.595,0.0
2026-08-03T08:30:00+00:00,nifty50,6,6,2213,4,1,1,0.609907,-0.091121,1.0,0.477294,0.0
2026-08-03T08:30:00+00:00,sensex,12,12,3858,2,6,4,-0.3249,-0.987234,0.337434,0.552533,0.0
2026-08-03T08:45:00+00:00,banknifty,11,11,2957,3,6,2,-0.279344,-1.0,0.512694,0.515342,0.0
2026-08-03T08:45:00+00:00,intraday,6,6,1849,3,0,3,0.494248,-0.129837,1.0,0.492683,0.0
2026-08-03T08:45:00+00:00,nifty50,3,3,708,1,2,0,0.120441,-1.0,1.0,0.38375,0.0
2026-08-03T08:45:00+00:00,sensex,6,6,1644,3,2,1,0.032759,-1.0,1.0,0.4175,0.166667
2026-08-03T09:00:00+00:00,banknifty,7,7,1627,2,4,1,-0.296652,-1.0,0.714597,0.42875,0.0
2026-08-03T09:00:00+00:00,intraday,6,6,1984,5,0,1,0.83128,0.36893,1.0,0.52503,0.0
2026-08-03T09:00:00+00:00,nifty50,4,4,1055,1,1,2,0.167854,-0.590717,0.926425,0.443286,0.0
2026-08-03T09:00:00+00:00,sensex,9,9,3363,5,2,2,0.334053,-0.480155,1.0,0.488408,0.0
2026-08-03T09:15:00+00:00,banknifty,8,8,2951,3,3,2,-0.003503,-0.914008,0.907003,0.457899,0.0
2026-08-03T09:15:00+00:00,intraday,7,7,1927,4,0,3,0.70051,0.130229,1.0,0.514694,0.285714
2026-08-03T09:15:00+00:00,nifty50,13,13,3676,3,3,7,0.154591,-0.246136,0.555318,0.616105,0.0
2026-08-03T09:15:00+00:00,sensex,4,4,1534,1,3,0,-0.500084,-1.0,0.788787,0.395,0.0
2026-08-03T09:30:00+00:00,banknifty,7,7,1887,3,1,3,0.29525,-0.477354,1.0,0.474229,0.0
2026-08-03T09:30:00+00:00,intraday,12,12,4644,3,0,9,0.276185,-0.128126,0.680495,0.604138,0.166667
2026-08-03T09:30:00+00:00,nifty50,10,10,2835,1,4,5,-0.033503,-0.387894,0.320888,0.591622,0.0
2026-08-03T09:30:00+00:00,sensex,5,5,2020,3,1,1,0.40083,-0.649421,1.0,0.40625,0.0
2026-08-03T09:45:00+00:00,banknifty,5,5,998,1,0,4,0.200389,-0.324519,0.725298,0.501268,0.0
2026-08-03T09:45:00+00:00,intraday,4,4,1435,2,0,2,0.500559,-0.22354,1.0,0.45018,0.0
2026-08-03T09:45:00+00:00,nifty50,5,5,1715,3,2,0,0.456001,-0.405353,1.0,0.433979,0.0
2026-08-03T09:45:00+00:00,sensex,4,4,1372,1,2,1,-0.254727,-1.0,0.94837,0.395,0.0
2026-08-03T10:00:00+00:00,banknifty,7,7,2648,3,2,2,0.140604,-0.769062,1.0,0.446817,0.0
2026-08-03T10:00:00+00:00,intraday,8,8,2751,1,0,7,0.135273,-0.2266,0.497145,0.567625,0.125
2026-08-03T10:00:00+00:00,nifty50,5,5,980,2,1,2,0.319697,-0.411298,1.0,0.460051,0.0
2026-08-03T10:00:00+00:00,sensex,2,2,326,2,0,0,1.0,1.0,1.0,0.5725,0.0
2026-08-03T10:15:00+00:00,banknifty,9,9,3026,4,4,1,-0.001481,-0.898454,0.895492,0.471855,0.0
2026-08-03T10:15:00+00:00,intraday,13,13,3925,6,0,7,0.483647,0.076097,0.891197,0.61474,0.076923
2026-08-03T10:15:00+00:00,nifty50,4,4,1297,2,1,1,0.415318,-0.431225,1.0,0.425692,0.0
2026-08-03T10:15:00+00:00,sensex,3,3,799,2,0,1,0.679747,-0.095758,1.0,0.428649,0.0
2026-08-03T10:30:00+00:00,banknifty,7,7,1943,3,2,2,0.141242,-0.745465,1.0,0.451409,0.0
2026-08-03T10:30:00+00:00,intraday,8,8,3297,2,0,6,0.299852,-0.198557,0.798262,0.540318,0.25
2026-08-03T10:30:00+00:00,nifty50,4,4,992,2,2,0,0.330445,-0.607961,1.0,0.407319,0.0
2026-08-03T10:30:00+00:00,sensex,12,12,3793,7,2,3,0.359923,-0.27574,0.995585,0.557868,0.083333
2026-08-03T10:45:00+00:00,banknifty,11,10,4233,5,2,4,0.273494,-0.359465,0.906454,0.51534,0.0
2026-08-03T10:45:00+00:00,intraday,1,1,303,0,0,1,0.0,0.0,0.0,0.56125,1.0
2026-08-03T10:45:00+00:00,nifty50,6,6,1408,3,2,1,0.378333,-0.335896,1.0,0.474654,0.0
2026-08-03T10:45:00+00:00,sensex,5,5,1697,3,0,2,0.610535,-0.000554,1.0,0.484032,0.0
2026-08-03T11:00:00+00:00,banknifty,6,6,1951,1,1,4,-0.000507,-0.654431,0.653417,0.486715,0.0
2026-08-03T11:00:00+00:00,intraday,4,4,1338,2,0,2,0.502536,-0.188428,1.0,0.456807,0.0
2026-08-03T11:00:00+00:00,nifty50,2,2,460,0,2,0,-0.333333,-0.333333,-0.333333,0.5725,0.0
2026-08-03T11:00:00+00:00,sensex,7,7,2374,3,3,1,-0.138189,-1.0,0.828135,0.435485,0.142857
2026-08-03T11:15:00+00:00,banknifty,5,5,1526,3,0,2,0.603108,0.00538,1.0,0.486704,0.0
2026-08-03T11:15:00+00:00,intraday,5,5,1773,2,0,3,0.459185,-0.19314,1.0,0.475785,0.2
2026-08-03T11:15:00+00:00,nifty50,7,7,1956,4,3,0,0.428369,-0.254269,1.0,0.492222,0.0
2026-08-03T11:15:00+00:00,sensex,6,6,2166,3,2,1,0.017937,-1.0,1.0,0.4175,0.166667
2026-08-03T11:30:00+00:00,banknifty,4,4,1264,2,1,1,0.243969,-0.876757,1.0,0.395,0.0
2026-08-03T11:30:00+00:00,intraday,6,6,1870,2,0,4,0.323236,-0.196575,0.843047,0.513538,0.0
2026-08-03T11:30:00+00:00,nifty50,7,7,2406,2,3,2,0.145999,-0.430895,0.722893,0.513371,0.0
2026-08-03T11:30:00+00:00,sensex,6,6,1763,1,2,3,-0.167051,-0.923952,0.589849,0.46612,0.0
2026-08-03T11:45:00+00:00,banknifty,4,4,1384,3,0,1,0.746225,0.161169,1.0,0.477989,0.0
2026-08-03T11:45:00+00:00,intraday,8,8,2193,1,0,7,0.125609,-0.188575,0.439793,0.577163,0.0
2026-08-03T11:45:00+00:00,nifty50,6,6,1688,2,0,4,0.338193,-0.180871,0.857256,0.513687,0.0
2026-08-03T11:45:00+00:00,sensex,11,11,3309,5,3,3,0.122017,-0.559919,0.803954,0.537363,0.090909
2026-08-03T12:00:00+00:00,banknifty,4,4,1751,2,1,1,0.248761,-0.848634,1.0,0.395,0.0
2026-08-03T12:00:00+00:00,intraday,4,4,1570,3,0,1,0.763123,0.196235,1.0,0.481622,0.0
2026-08-03T12:00:00+00:00,nifty50,6,6,1999,0,4,2,-0.221143,-0.392098,-0.050188,0.583309,0.0
2026-08-03T12:00:00+00:00,sensex,10,10,3691,6,3,1,0.219106,-0.564016,1.0,0.505876,0.1
2026-08-03T12:15:00+00:00,banknifty,3,3,1488,0,1,2,-0.336063,-1.0,0.376998,0.441138,0.0
2026-08-03T12:15:00+00:00,intraday,6,6,1643,1,0,5,0.167788,-0.232331,0.567906,0.537476,0.0
2026-08-03T12:15:00+00:00,nifty50,8,8,2516,0,6,2,-0.249821,-0.383751,-0.115891,0.613214,0.0
2026-08-03T12:15:00+00:00,sensex,7,7,2959,2,2,3,-0.135413,-0.839935,0.569108,0.487846,0.142857
2026-08-03T12:30:00+00:00,banknifty,3,3,1049,1,0,2,0.332675,-0.372894,1.0,0.442636,0.0
2026-08-03T12:30:00+00:00,intraday,9,9,2711,2,0,7,0.234519,-0.150662,0.619699,0.574214,0.111111
2026-08-03T12:30:00+00:00,nifty50,8,8,2095,3,2,3,0.295233,-0.225024,0.815491,0.535948,0.0
2026-08-03T12:30:00+00:00,sensex,4,4,995,2,2,0,0.025792,-1.0,1.0,0.395,0.0
2026-08-03T12:45:00+00:00,banknifty,3,3,1209,2,1,0,0.332828,-1.0,1.0,0.38375,0.0
2026-08-03T12:45:00+00:00,intraday,7,7,2441,2,0,5,0.288927,-0.151892,0.729746,0.540586,0.0
2026-08-03T12:45:00+00:00,nifty50,2,2,275,0,2,0,-0.333333,-0.333333,-0.333333,0.5725,0.0
2026-08-03T12:45:00+00:00,sensex,7,7,1588,3,2,2,0.017805,-0.799555,0.835165,0.465278,0.142857
2026-08-03T13:00:00+00:00,banknifty,12,12,4763,0,5,7,-0.414968,-0.776147,-0.053789,0.612764,0.0
2026-08-03T13:00:00+00:00,intraday,10,10,2659,5,0,5,0.572477,0.145172,0.999782,0.577039,0.2
2026-08-03T13:00:00+00:00,nifty50,3,3,882,0,1,2,-0.11652,-0.355497,0.122457,0.535955,0.0
2026-08-03T13:00:00+00:00,sensex,5,5,2020,1,2,2,-0.214965,-1.0,0.636555,0.435946,0.0
2026-08-03T13:15:00+00:00,banknifty,5,5,1202,2,1,2,0.206278,-0.640256,1.0,0.436943,0.0
2026-08-03T13:15:00+00:00,intraday,5,5,1371,2,0,3,0.400402,-0.150051,0.950855,0.496159,0.0
2026-08-03T13:15:00+00:00,nifty50,5,5,1983,2,1,2,0.332451,-0.293301,0.958204,0.481099,0.0
2026-08-03T13:15:00+00:00,sensex,6,6,2212,2,2,2,-0.168039,-0.966432,0.630354,0.457821,0.166667
2026-08-03T13:30:00+00:00,banknifty,5,5,1166,3,1,1,0.407967,-0.509561,1.0,0.422745,0.0
2026-08-03T13:30:00+00:00,intraday,7,7,1933,2,0,5,0.286927,-0.138182,0.712037,0.543728,0.0
2026-08-03T13:30:00+00:00,nifty50,10,10,3319,5,2,3,0.430697,-0.025594,0.886989,0.571242,0.0
2026-08-03T13:30:00+00:00,sensex,6,6,2511,4,1,1,0.397277,-0.432537,1.0,0.451537,0.166667
2026-08-03T13:45:00+00:00,banknifty,6,6,1895,2,1,3,0.172908,-0.524223,0.870039,0.478074,0.0
2026-08-03T13:45:00+00:00,intraday,7,7,1946,1,0,6,0.13652,-0.185662,0.458702,0.564314,0.0
2026-08-03T13:45:00+00:00,nifty50,2,2,991,1,1,0,0.327894,-0.830535,1.0,0.3725,0.0
2026-08-03T13:45:00+00:00,sensex,3,3,461,1,1,1,0.004895,-1.0,1.0,0.38375,0.0
2026-08-03T14:00:00+00:00,banknifty,1,1,220,0,0,1,0.0,0.0,0.0,0.56125,0.0
2026-08-03T14:00:00+00:00,intraday,10,10,2758,6,0,4,0.655908,0.274794,1.0,0.586277,0.1
2026-08-03T14:00:00+00:00,nifty50,6,6,1201,4,2,0,0.559195,-0.072016,1.0,0.491258,0.0
2026-08-03T14:00:00+00:00,sensex,8,8,2543,8,0,0,0.932157,0.745432,1.0,0.602655,0.25
2026-08-03T14:15:00+00:00,banknifty,5,5,1790,0,5,0,-1.0,-1.0,-1.0,0.60625,0.0
2026-08-03T14:15:00+00:00,intraday,5,5,1493,2,0,3,0.461954,-0.117384,1.0,0.490382,0.2
2026-08-03T14:15:00+00:00,nifty50,2,2,984,1,0,1,0.500133,-0.34778,1.0,0.402917,0.0
2026-08-03T14:15:00+00:00,sensex,6,6,1711,5,0,1,0.694543,0.223055,1.0,0.523202,0.333333
2026-08-03T14:30:00+00:00,banknifty,8,8,2889,1,4,3,-0.372856,-0.960326,0.214614,0.522506,0.0
2026-08-03T14:30:00+00:00,intraday,7,7,2239,3,0,4,0.459484,-0.016425,0.935393,0.533568,0.142857
2026-08-03T14:30:00+00:00,nifty50,7,7,2141,1,3,3,-0.000217,-0.394134,0.3937,0.549967,0.0
2026-08-03T14:30:00+00:00,sensex,8,7,1548,4,2,2,0.041321,-0.689721,0.772364,0.450041,0.25
2026-08-03T14:45:00+00:00,banknifty,4,4,1170,3,1,0,0.532779,-0.473206,1.0,0.395,0.0
2026-08-03T14:45:00+00:00,intraday,6,6,2502,2,0,4,0.424309,-0.113555,0.962174,0.509927,0.333333
2026-08-03T14:45:00+00:00,nifty50,6,6,2226,4,1,1,0.610636,0.072312,1.0,0.509835,0.0
2026-08-03T14:45:00+00:00,sensex,6,6,1934,4,1,1,0.398195,-0.393884,1.0,0.459084,0.166667
2026-08-03T15:00:00+00:00,banknifty,6,6,1674,2,2,2,0.014868,-0.781105,0.810841,0.458305,0.0
2026-08-03T15:00:00+00:00,intraday,10,10,2290,6,0,4,0.645337,0.274814,1.0,0.588395,0.1
2026-08-03T15:00:00+00:00,nifty50,9,9,2408,1,3,5,-0.003316,-0.301596,0.294964,0.591594,0.0
2026-08-03T15:00:00+00:00,sensex,11,11,5355,4,4,3,-0.085578,-0.680707,0.509551,0.554724,0.090909
2026-08-03T15:15:00+00:00,banknifty,4,4,1186,0,2,2,-0.49632,-1.0,0.082055,0.479325,0.0
2026-08-03T15:15:00+00:00,intraday,9,9,3003,3,0,6,0.333882,-0.030122,0.697887,0.578449,0.0
2026-08-03T15:15:00+00:00,nifty50,3,3,1191,0,1,2,-0.111477,-0.320918,0.097964,0.541862,0.0
2026-08-03T15:15:00+00:00,sensex,7,7,2248,3,2,2,0.018533,-0.71315,0.750216,0.482413,0.142857
2026-08-03T15:30:00+00:00,banknifty,7,7,2401,5,0,2,0.709997,0.315132,1.0,0.549777,0.0
2026-08-03T15:30:00+00:00,intraday,5,5,1300,4,0,1,0.798031,0.386439,1.0,0.523931,0.0
2026-08-03T15:30:00+00:00,nifty50,5,5,1513,2,1,2,0.330882,-0.239708,0.901473,0.492132,0.0
2026-08-03T15:30:00+00:00,sensex,6,6,1361,1,4,1,-0.727726,-1.0,-0.255333,0.523021,0.166667
2026-08-03T15:45:00+00:00,banknifty,11,10,3132,1,6,4,-0.452565,-0.905448,0.000319,0.551355,0.0
2026-08-03T15:45:00+00:00,intraday,7,7,2454,2,0,5,0.287432,-0.100701,0.675564,0.551123,0.0
2026-08-03T15:45:00+00:00,nifty50,11,11,3780,7,3,1,0.545203,0.128277,0.962129,0.590365,0.0
2026-08-03T15:45:00+00:00,sensex,6,6,1700,1,2,3,-0.347115,-0.84484,0.150609,0.517955,0.166667
2026-08-03T16:00:00+00:00,banknifty,6,6,1826,2,3,1,-0.174156,-0.99367,0.645358,0.453597,0.0
2026-08-03T16:00:00+00:00,intraday,6,6,1971,2,0,4,0.327952,-0.101624,0.757528,0.531585,0.0
2026-08-03T16:00:00+00:00,nifty50,4,4,1415,3,1,0,0.664162,0.015384,1.0,0.465244,0.0
2026-08-03T16:00:00+00:00,sensex,12,11,3421,3,5,4,-0.266975,-0.763463,0.229512,0.556536,0.083333
2026-08-03T16:15:00+00:00,banknifty,4,4,1157,0,1,3,-0.254769,-0.743371,0.233833,0.49728,0.0
2026-08-03T16:15:00+00:00,intraday,11,11,2722,4,0,7,0.413456,0.062133,0.764778,0.603485,0.181818
2026-08-03T16:15:00+00:00,nifty50,6,6,1345,3,3,0,0.329337,-0.277328,0.936002,0.496167,0.0
2026-08-03T16:15:00+00:00,sensex,4,4,1935,2,0,2,0.500032,-0.054296,1.0,0.484134,0.0
2026-08-03T16:30:00+00:00,banknifty,13,12,4003,6,4,3,0.156145,-0.370786,0.683075,0.563941,0.0
2026-08-03T16:30:00+00:00,intraday,5,5,1870,2,0,3,0.403882,-0.078036,0.885799,0.509867,0.0
2026-08-03T16:30:00+00:00,nifty50,8,8,2368,0,2,6,-0.084362,-0.197158,0.028434,0.617441,0.0
2026-08-03T16:30:00+00:00,sensex,4,4,692,4,0,0,1.0,1.0,1.0,0.595,0.0
2026-08-03T16:45:00+00:00,banknifty,8,8,2800,2,4,2,-0.25992,-0.893983,0.374143,0.513187,0.0
2026-08-03T16:45:00+00:00,intraday,10,10,2934,3,0,7,0.327499,-0.010653,0.665652,0.59487,0.1
2026-08-03T16:45:00+00:00,nifty50,6,6,1798,1,4,1,-0.051921,-0.492847,0.389004,0.529315,0.0
2026-08-03T16:45:00+00:00,sensex,7,7,2562,4,2,1,0.182611,-0.569669,0.93489,0.478294,0.142857
2026-08-03T17:00:00+00:00,banknifty,3,3,1042,1,0,2,0.331469,-0.2512,0.914139,0.467216,0.0
2026-08-03T17:00:00+00:00,intraday,10,10,3456,3,0,7,0.305105,-0.009933,0.620144,0.599492,0.0
2026-08-03T17:00:00+00:00,nifty50,12,12,3266,9,2,1,0.692685,0.357269,1.0,0.617917,0.0
2026-08-03T17:00:00+00:00,sensex,5,5,1761,2,1,2,0.048781,-0.654326,0.751888,0.465629,0.2
2026-08-03T17:15:00+00:00,banknifty,5,5,1659,1,2,2,-0.204248,-0.924189,0.515694,0.462262,0.0
2026-08-03T17:15:00+00:00,intraday,9,9,3120,1,0,8,0.111094,-0.111954,0.334142,0.60664,0.0
2026-08-03T17:15:00+00:00,nifty50,6,6,2324,3,1,2,0.446307,-0.044976,0.93759,0.519243,0.0
2026-08-03T17:15:00+00:00,sensex,5,5,1319,2,1,2,0.186998,-0.528149,0.902146,0.46322,0.0
2026-08-03T17:30:00+00:00,banknifty,6,6,2145,4,2,0,0.330865,-0.482382,1.0,0.45485,0.0
2026-08-03T17:30:00+00:00,intraday,8,8,2793,3,0,5,0.408243,0.027966,0.788519,0.563945,0.125
2026-08-03T17:30:00+00:00,nifty50,5,5,1879,2,1,2,0.334534,-0.189742,0.858809,0.501395,0.0
2026-08-03T17:30:00+00:00,sensex,12,12,3933,6,4,2,0.026679,-0.533397,0.586754,0.572985,0.166667
2026-08-03T17:45:00+00:00,banknifty,7,7,2976,1,2,4,-0.139481,-0.642445,0.363483,0.528157,0.0
2026-08-03T17:45:00+00:00,intraday,5,5,1546,0,0,5,0.0,0.0,0.0,0.60625,0.0
2026-08-03T17:45:00+00:00,nifty50,5,5,1820,1,0,4,0.201305,-0.17161,0.57422,0.531667,0.0
2026-08-03T17:45:00+00:00,sensex,4,4,912,1,2,1,-0.245786,-1.0,0.629199,0.420003,0.0
2026-08-03T18:00:00+00:00,banknifty,4,4,1449,2,1,1,0.275966,-0.573337,1.0,0.42514,0.0
2026-08-03T18:00:00+00:00,intraday,6,6,1797,1,0,5,0.168821,-0.149248,0.48689,0.553886,0.0
2026-08-03T18:00:00+00:00,nifty50,6,6,1416,0,2,4,-0.109392,-0.24277,0.023987,0.590824,0.0
2026-08-03T18:00:00+00:00,sensex,5,5,1102,4,1,0,0.334063,-0.584346,1.0,0.422568,0.4
2026-08-03T18:15:00+00:00,banknifty,6,6,1663,3,3,0,0.010677,-0.827874,0.849228,0.44979,0.0
2026-08-03T18:15:00+00:00,intraday,9,9,2704,2,0,7,0.266166,-0.060594,0.592927,0.585898,0.222222
2026-08-03T18:15:00+00:00,nifty50,7,7,2247,4,1,2,0.526864,0.094172,0.959557,0.542212,0.0
2026-08-03T18:15:00+00:00,sensex,5,5,1795,2,1,2,0.197372,-0.48362,0.878365,0.470052,0.0
2026-08-03T18:30:00+00:00,banknifty,4,4,1720,3,0,1,0.753796,0.320184,1.0,0.508278,0.0
2026-08-03T18:30:00+00:00,intraday,8,8,2101,3,0,5,0.403741,0.036439,0.771044,0.566539,0.125
2026-08-03T18:30:00+00:00,nifty50,10,10,2580,5,3,2,0.388569,-0.008848,0.785985,0.583017,0.0
2026-08-03T18:30:00+00:00,sensex,5,5,1105,3,1,1,0.273748,-0.497797,1.0,0.451941,0.2
2026-08-03T18:45:00+00:00,banknifty,7,7,1534,3,2,2,0.151292,-0.480912,0.783495,0.502309,0.0
2026-08-03T18:45:00+00:00,intraday,7,7,2642,5,0,2,0.716377,0.376618,1.0,0.560798,0.0
2026-08-03T18:45:00+00:00,nifty50,9,9,3175,1,5,3,-0.071931,-0.347107,0.203245,0.596215,0.0
2026-08-03T18:45:00+00:00,sensex,5,5,1372,2,2,1,-0.02,-0.823906,0.783907,0.445469,0.0
2026-08-03T19:00:00+00:00,banknifty,2,2,507,1,1,0,0.007287,-1.0,1.0,0.3725,0.0
2026-08-03T19:00:00+00:00,intraday,6,6,2379,2,0,4,0.330424,-0.049764,0.710611,0.541463,0.0
2026-08-03T19:00:00+00:00,nifty50,4,4,1388,0,1,3,-0.088455,-0.237476,0.060567,0.565196,0.0
2026-08-03T19:00:00+00:00,sensex,5,5,1335,2,1,2,0.028253,-0.624737,0.681242,0.475652,0.2
2026-08-03T19:15:00+00:00,banknifty,6,6,2167,4,2,0,0.330748,-0.424384,1.0,0.466474,0.0
2026-08-03T19:15:00+00:00,intraday,6,6,1807,5,0,1,0.828497,0.523944,1.0,0.556589,0.0
2026-08-03T19:15:00+00:00,nifty50,4,4,986,3,1,0,0.678126,0.116179,1.0,0.482611,0.0
2026-08-03T19:15:00+00:00,sensex,5,5,1392,4,1,0,0.479689,-0.30756,1.0,0.4488,0.2
2026-08-03T19:30:00+00:00,banknifty,7,7,2601,1,3,3,-0.278343,-0.795759,0.239073,0.525267,0.0
2026-08-03T19:30:00+00:00,intraday,6,6,1803,1,0,5,0.16669,-0.131531,0.46491,0.557856,0.0
2026-08-03T19:30:00+00:00,nifty50,6,6,1119,2,4,0,0.103341,-0.400535,0.607216,0.516725,0.0
2026-08-03T19:30:00+00:00,sensex,8,8,2847,5,1,2,0.416426,-0.0943,0.927153,0.537855,0.125
2026-08-03T19:45:00+00:00,banknifty,1,1,401,1,0,0,1.0,1.0,1.0,0.56125,0.0
2026-08-03T19:45:00+00:00,intraday,6,6,2245,0,0,6,0.0,0.0,0.0,0.6175,0.166667
2026-08-03T19:45:00+00:00,nifty50,4,4,1170,1,2,1,0.074735,-0.456153,0.605623,0.488822,0.0
2026-08-03T19:45:00+00:00,sensex,8,7,2376,6,2,0,0.498901,-0.101664,1.0,0.476137,0.0
2026-08-03T20:00:00+00:00,banknifty,7,7,2537,1,5,1,-0.569591,-1.0,-0.028971,0.520626,0.0
2026-08-03T20:00:00+00:00,intraday,6,6,1904,3,0,3,0.554915,0.145455,0.964375,0.535608,0.166667
2026-08-03T20:00:00+00:00,nifty50,2,2,345,2,0,0,1.0,1.0,1.0,0.5725,0.0
2026-08-03T20:00:00+00:00,sensex,11,11,3528,7,1,3,0.430865,0.027228,0.834502,0.593023,0.181818
2026-08-03T20:15:00+00:00,banknifty,4,4,1631,2,1,1,0.253207,-0.562998,1.0,0.431759,0.0
2026-08-03T20:15:00+00:00,intraday,3,3,965,1,0,2,0.33289,-0.200377,0.866157,0.477097,0.0
2026-08-03T20:15:00+00:00,nifty50,4,4,1581,2,1,1,0.420492,-0.162644,1.0,0.478373,0.0
2026-08-03T20:15:00+00:00,sensex,5,5,855,3,0,2,0.492402,0.053912,0.930892,0.518552,0.2
2026-08-03T20:30:00+00:00,banknifty,7,7,2151,4,2,1,0.295285,-0.357359,0.947929,0.498221,0.0
2026-08-03T20:30:00+00:00,intraday,9,9,2755,3,0,6,0.365968,0.051257,0.680679,0.588308,0.111111
2026-08-03T20:30:00+00:00,nifty50,3,3,1196,0,2,1,-0.226247,-0.402385,-0.050109,0.548522,0.0
2026-08-03T20:30:00+00:00,sensex,6,6,1938,4,1,1,0.395595,-0.226905,1.0,0.493,0.166667
2026-08-03T20:45:00+00:00,banknifty,7,7,2492,4,2,1,0.28511,-0.367499,0.937718,0.498228,0.0
2026-08-03T20:45:00+00:00,intraday,14,14,3645,4,0,10,0.288637,0.051273,0.526,0.660027,0.0
2026-08-03T20:45:00+00:00,nifty50,6,6,1420,3,2,1,0.382187,-0.114952,0.879326,0.518072,0.0
2026-08-03T20:45:00+00:00,sensex,9,9,2507,2,2,5,0.005867,-0.426907,0.438642,0.564695,0.0
2026-08-03T21:00:00+00:00,banknifty,6,6,1578,4,0,2,0.666108,0.288748,1.0,0.542028,0.0
2026-08-03T21:00:00+00:00,intraday,6,6,2189,3,0,3,0.563212,0.166339,0.960085,0.538125,0.166667
2026-08-03T21:00:00+00:00,nifty50,3,3,898,0,2,1,-0.218829,-0.397955,-0.039703,0.547925,0.0
2026-08-03T21:00:00+00:00,sensex,6,6,2532,2,3,1,-0.165104,-0.883359,0.553152,0.473849,0.0
2026-08-03T21:15:00+00:00,banknifty,7,7,2399,2,4,1,-0.301464,-0.949226,0.346297,0.499198,0.0
2026-08-03T21:15:00+00:00,intraday,5,5,1447,3,0,2,0.59322,0.162635,1.0,0.520133,0.0
2026-08-03T21:15:00+00:00,nifty50,10,10,2342,3,4,3,0.16011,-0.187978,0.508198,0.592882,0.0
2026-08-03T21:15:00+00:00,sensex,12,12,3897,4,3,5,0.087819,-0.341269,0.516907,0.599182,0.0
2026-08-03T21:30:00+00:00,banknifty,5,5,1553,2,0,3,0.396485,-0.032289,0.825259,0.520495,0.0
2026-08-03T21:30:00+00:00,intraday,5,5,1749,1,0,4,0.223247,-0.141764,0.588257,0.533248,0.2
2026-08-03T21:30:00+00:00,nifty50,2,2,762,0,2,0,-0.333333,-0.333333,-0.333333,0.5725,0.0
2026-08-03T21:30:00+00:00,sensex,4,4,1123,1,1,2,-0.001145,-0.697483,0.695193,0.455732,0.0
2026-08-03T21:45:00+00:00,banknifty,4,4,1353,2,1,1,0.272818,-0.529056,1.0,0.434625,0.0
2026-08-03T21:45:00+00:00,intraday,10,10,3267,5,0,5,0.584785,0.27937,0.890201,0.601417,0.2
2026-08-03T21:45:00+00:00,nifty50,6,6,1838,4,0,2,0.664793,0.287064,1.0,0.541954,0.0
2026-08-03T21:45:00+00:00,sensex,4,4,1279,2,2,0,0.001093,-0.978906,0.981092,0.399,0.0
2026-08-03T22:00:00+00:00,banknifty,3,3,898,0,2,1,-0.662608,-1.0,-0.127562,0.476741,0.0
2026-08-03T22:00:00+00:00,intraday,5,5,2054,1,0,4,0.199824,-0.150676,0.550324,0.53615,0.0
2026-08-03T22:00:00+00:00,nifty50,8,8,1678,4,3,1,0.382412,-0.056462,0.821286,0.552225,0.0
2026-08-03T22:00:00+00:00,sensex,12,12,3341,5,2,5,0.119382,-0.266898,0.505662,0.607744,0.166667
2026-08-03T22:15:00+00:00,banknifty,4,4,1616,0,1,3,-0.250957,-0.675849,0.173936,0.510022,0.0
2026-08-03T22:15:00+00:00,intraday,7,7,2283,2,0,5,0.357469,0.002432,0.712506,0.557743,0.285714
2026-08-03T22:15:00+00:00,nifty50,8,8,2562,5,1,2,0.585282,0.20658,0.963984,0.56426,0.0
2026-08-03T22:15:00+00:00,sensex,13,13,3994,9,2,2,0.449607,0.03787,0.861344,0.613903,0.153846
2026-08-03T22:30:00+00:00,banknifty,7,7,2555,2,4,1,-0.27984,-0.93301,0.373331,0.498116,0.0
2026-08-03T22:30:00+00:00,intraday,7,7,2817,3,0,4,0.470725,0.100956,0.840495,0.554796,0.142857
2026-08-03T22:30:00+00:00,nifty50,5,5,1358,2,2,1,0.26483,-0.270299,0.799959,0.499224,0.0
2026-08-03T22:30:00+00:00,sensex,6,6,2207,4,2,0,0.324778,-0.432011,1.0,0.466142,0.0
2026-08-03T22:45:00+00:00,banknifty,7,7,2163,3,0,4,0.428191,0.061625,0.794756,0.555437,0.0
2026-08-03T22:45:00+00:00,intraday,12,11,4022,7,0,5,0.623091,0.348896,0.897286,0.600994,0.083333
2026-08-03T22:45:00+00:00,nifty50,5,5,1416,2,2,1,0.276387,-0.259632,0.812405,0.499046,0.0
2026-08-03T22:45:00+00:00,sensex,9,9,3184,4,1,4,0.253329,-0.169323,0.675981,0.56672,0.111111
2026-08-03T23:00:00+00:00,banknifty,2,2,500,0,1,1,-0.500455,-1.0,0.192509,0.433907,0.0
2026-08-03T23:00:00+00:00,intraday,7,7,2392,3,0,4,0.421204,0.055427,0.786981,0.555595,0.0
2026-08-03T23:00:00+00:00,nifty50,10,10,3152,4,3,3,0.295846,-0.067241,0.658933,0.589883,0.0
2026-08-03T23:00:00+00:00,sensex,7,7,2107,1,4,2,-0.420662,-0.962429,0.121104,0.520397,0.0
2026-08-03T23:15:00+00:00,banknifty,3,3,1069,1,1,1,-3.1e-05,-0.922451,0.922389,0.399266,0.0
2026-08-03T23:15:00+00:00,intraday,5,5,1459,1,0,4,0.280226,-0.113436,0.673887,0.527518,0.4
2026-08-03T23:15:00+00:00,nifty50,10,10,3028,4,5,1,0.232744,-0.159975,0.625463,0.583956,0.0
2026-08-03T23:15:00+00:00,sensex,8,8,2195,5,1,2,0.415404,-0.081368,0.912176,0.540646,0.125
2026-08-03T23:30:00+00:00,banknifty,9,9,1964,2,4,3,-0.207533,-0.720842,0.305777,0.548588,0.0
2026-08-03T23:30:00+00:00,intraday,11,11,3629,3,0,8,0.311892,0.038119,0.585664,0.618995,0.181818
2026-08-03T23:30:00+00:00,nifty50,4,4,882,1,1,2,0.178896,-0.311675,0.669467,0.496886,0.0
2026-08-03T23:30:00+00:00,sensex,3,3,680,3,0,0,1.0,1.0,1.0,0.58375,0.0
2026-08-03T23:45:00+00:00,banknifty,8,8,2355,5,1,2,0.49644,0.005643,0.987237,0.541841,0.0
2026-08-03T23:45:00+00:00,intraday,8,8,2256,4,0,4,0.511238,0.164844,0.857633,0.570721,0.0
2026-08-03T23:45:00+00:00,nifty50,8,8,2645,2,5,1,0.044205,-0.347471,0.435881,0.561665,0.0
2026-08-03T23:45:00+00:00,sensex,5,5,1792,2,1,2,0.197143,-0.464987,0.859272,0.473824,0.0
2026-08-04T00:00:00+00:00,banknifty,4,4,875,1,0,3,0.252301,-0.173345,0.677948,0.509871,0.0
2026-08-04T00:00:00+00:00,intraday,8,8,2982,1,0,7,0.14442,-0.099168,0.388007,0.591283,0.25
2026-08-04T00:00:00+00:00,nifty50,4,4,1633,2,2,0,0.345431,-0.307795,0.998657,0.464355,0.0
2026-08-04T00:00:00+00:00,sensex,8,8,1695,4,1,3,0.377632,-0.107858,0.863122,0.542902,0.0
2026-08-04T00:15:00+00:00,banknifty,9,9,2406,6,3,0,0.32563,-0.292095,0.943355,0.527705,0.0
2026-08-04T00:15:00+00:00,intraday,6,6,1335,1,0,5,0.191805,-0.123237,0.506846,0.554492,0.166667
2026-08-04T00:15:00+00:00,nifty50,1,1,186,0,0,1,0.0,0.0,0.0,0.56125,0.0
2026-08-04T00:15:00+00:00,sensex,4,4,1262,3,1,0,0.493308,-0.35915,1.0,0.424508,0.0
2026-08-04T00:30:00+00:00,banknifty,3,3,911,1,1,1,-0.001449,-0.932269,0.929372,0.397586,0.0
2026-08-04T00:30:00+00:00,intraday,6,6,1446,1,0,5,0.170864,-0.130311,0.472038,0.557265,0.0
2026-08-04T00:30:00+00:00,nifty50,8,8,2901,4,3,1,0.378176,-0.060363,0.816715,0.552292,0.0
2026-08-04T00:30:00+00:00,sensex,4,4,1283,3,1,0,0.482269,-0.376234,1.0,0.423299,0.0
2026-08-04T00:45:00+00:00,banknifty,6,6,2339,2,3,1,-0.163274,-0.881918,0.555369,0.473771,0.0
2026-08-04T00:45:00+00:00,intraday,4,4,1737,1,0,3,0.298846,-0.149751,0.747443,0.505281,0.25
2026-08-04T00:45:00+00:00,nifty50,1,1,368,1,0,0,1.0,1.0,1.0,0.56125,0.0
2026-08-04T00:45:00+00:00,sensex,3,3,744,0,0,3,0.0,0.0,0.0,0.58375,0.0
2026-08-04T01:00:00+00:00,banknifty,5,5,1453,4,1,0,0.599322,-0.102354,1.0,0.465915,0.0
2026-08-04T01:00:00+00:00,intraday,5,5,1623,1,0,4,0.199795,-0.150686,0.550275,0.536154,0.0
2026-08-04T01:00:00+00:00,nifty50,6,6,2135,3,2,1,0.388096,-0.109671,0.885863,0.517947,0.0
2026-08-04T01:00:00+00:00,sensex,2,2,562,0,1,1,-0.49415,-1.0,0.198767,0.433917,0.0
2026-08-04T01:15:00+00:00,banknifty,7,7,2223,3,1,3,0.280809,-0.236661,0.798278,0.525256,0.0
2026-08-04T01:15:00+00:00,intraday,7,7,2595,2,0,5,0.289474,-0.046497,0.625445,0.561556,0.0
2026-08-04T01:15:00+00:00,nifty50,2,2,241,1,1,0,0.329355,-0.594581,1.0,0.387713,0.0
2026-08-04T01:15:00+00:00,sensex,7,7,2293,3,2,2,0.025135,-0.564725,0.614994,0.510778,0.142857
2026-08-04T01:30:00+00:00,banknifty,5,5,1722,2,3,0,-0.219088,-1.0,0.636156,0.435201,0.0
2026-08-04T01:30:00+00:00,intraday,4,4,731,3,0,1,0.892617,0.589209,1.0,0.534318,0.25
2026-08-04T01:30:00+00:00,nifty50,8,8,2187,4,4,0,0.33224,-0.129736,0.794216,0.547605,0.0
2026-08-04T01:30:00+00:00,sensex,8,8,2794,3,2,3,0.016972,-0.499111,0.533054,0.536784,0.125
2026-08-04T01:45:00+00:00,banknifty,4,4,1026,0,2,2,-0.515726,-1.0,-0.025969,0.497048,0.0
2026-08-04T01:45:00+00:00,intraday,9,9,2554,2,0,7,0.24055,-0.038696,0.519796,0.595401,0.111111
2026-08-04T01:45:00+00:00,nifty50,3,3,968,1,0,2,0.32097,-0.20732,0.84926,0.478092,0.0
2026-08-04T01:45:00+00:00,sensex,7,7,2259,1,2,4,-0.147769,-0.619373,0.323835,0.534429,0.0
2026-08-04T02:00:00+00:00,banknifty,8,8,3150,4,3,1,0.127349,-0.514839,0.769536,0.511562,0.0
2026-08-04T02:00:00+00:00,intraday,5,5,1391,3,0,2,0.591067,0.160128,1.0,0.520062,0.0
2026-08-04T02:00:00+00:00,nifty50,9,9,2503,3,4,2,0.178527,-0.204921,0.561974,0.57456,0.0
2026-08-04T02:00:00+00:00,sensex,4,4,786,2,0,2,0.325291,-0.106494,0.757076,0.508643,0.25
2026-08-04T02:15:00+00:00,banknifty,4,4,752,1,2,1,-0.242149,-1.0,0.571505,0.432269,0.0
2026-08-04T02:15:00+00:00,intraday,9,9,3230,3,0,6,0.355495,0.042768,0.668221,0.588705,0.111111
2026-08-04T02:15:00+00:00,nifty50,8,8,2917,3,4,1,0.215651,-0.216496,0.647797,0.553571,0.0
2026-08-04T02:15:00+00:00,sensex,9,9,2585,4,4,1,0.007907,-0.608791,0.624604,0.527911,0.0
2026-08-04T02:30:00+00:00,banknifty,7,7,2116,2,2,3,-0.003346,-0.567668,0.560977,0.515886,0.0
2026-08-04T02:30:00+00:00,intraday,7,7,2691,1,0,6,0.200151,-0.096257,0.496559,0.569468,0.428571
2026-08-04T02:30:00+00:00,nifty50,11,10,4334,4,4,3,0.241405,-0.105905,0.588715,0.57247,0.0
2026-08-04T02:30:00+00:00,sensex,10,10,2922,3,6,1,-0.307265,-0.863272,0.248743,0.551299,0.0
2026-08-04T02:45:00+00:00,banknifty,4,4,1095,1,1,2,0.012148,-0.678095,0.702391,0.456951,0.0
2026-08-04T02:45:00+00:00,intraday,8,7,1955,4,0,4,0.505132,0.158668,0.851596,0.526957,0.0
2026-08-04T02:45:00+00:00,nifty50,4,4,1475,0,3,1,-0.250688,-0.391747,-0.109629,0.566788,0.0
2026-08-04T02:45:00+00:00,sensex,6,6,1928,3,3,0,-0.0135,-0.813594,0.786593,0.457481,0.0
2026-08-04T03:00:00+00:00,banknifty,13,12,4833,6,3,4,0.236814,-0.195377,0.669005,0.582889,0.0
2026-08-04T03:00:00+00:00,intraday,7,7,1519,4,0,3,0.57739,0.211449,0.943332,0.555562,0.0
2026-08-04T03:00:00+00:00,nifty50,8,8,2498,1,0,7,0.126972,-0.103745,0.357689,0.593857,0.0
2026-08-04T03:00:00+00:00,sensex,10,10,3277,3,2,5,0.096854,-0.336498,0.530207,0.57583,0.0
2026-08-04T03:15:00+00:00,banknifty,4,4,1452,4,0,0,1.0,1.0,1.0,0.595,0.0
2026-08-04T03:15:00+00:00,intraday,7,7,1965,3,0,4,0.434341,0.067143,0.801538,0.55531,0.0
2026-08-04T03:15:00+00:00,nifty50,6,6,2027,4,1,1,0.613159,0.167008,1.0,0.52827,0.0
2026-08-04T03:15:00+00:00,sensex,11,11,3112,5,4,2,0.004575,-0.515847,0.524997,0.569666,0.090909
2026-08-04T03:30:00+00:00,banknifty,1,1,371,0,1,0,-1.0,-1.0,-1.0,0.56125,0.0
2026-08-04T03:30:00+00:00,intraday,8,8,2836,4,0,4,0.502902,0.156425,0.849378,0.570705,0.0
2026-08-04T03:30:00+00:00,nifty50,9,9,3530,5,1,3,0.513667,0.155815,0.871519,0.57968,0.0
2026-08-04T03:30:00+00:00,sensex,9,9,3034,5,4,0,0.009426,-0.631807,0.650659,0.523003,0.111111
2026-08-04T03:45:00+00:00,banknifty,8,8,2261,2,5,1,-0.368085,-0.963154,0.226985,0.520986,0.0
2026-08-04T03:45:00+00:00,intraday,5,5,2032,0,0,5,0.0,0.0,0.0,0.60625,0.0
2026-08-04T03:45:00+00:00,nifty50,13,13,4161,5,4,4,0.274502,-0.041447,0.590451,0.63306,0.0
2026-08-04T03:45:00+00:00,sensex,9,9,1758,3,2,4,0.101642,-0.381486,0.58477,0.554624,0.0
2026-08-04T04:00:00+00:00,banknifty,10,10,3153,2,5,3,-0.296905,-0.781026,0.187217,0.565676,0.0
2026-08-04T04:00:00+00:00,intraday,7,7,2635,3,0,4,0.429582,0.062869,0.796295,0.555407,0.0
2026-08-04T04:00:00+00:00,nifty50,8,8,2234,4,3,1,0.373368,-0.065388,0.812123,0.552249,0.0
2026-08-04T04:00:00+00:00,sensex,8,8,2063,2,5,1,-0.373522,-0.96758,0.220536,0.521188,0.0
2026-08-04T04:15:00+00:00,banknifty,8,8,2714,2,2,4,-0.007491,-0.49491,0.479929,0.542516,0.0
2026-08-04T04:15:00+00:00,intraday,10,10,3744,2,0,8,0.201318,-0.047215,0.449851,0.612793,0.0
2026-08-04T04:15:00+00:00,nifty50,9,9,2377,3,3,3,0.218359,-0.152072,0.58879,0.577164,0.0
2026-08-04T04:15:00+00:00,sensex,8,8,2704,5,2,1,0.183112,-0.406813,0.773036,0.522015,0.25
2026-08-04T04:30:00+00:00,banknifty,16,16,4469,6,3,7,0.190481,-0.16528,0.546242,0.658848,0.0
2026-08-04T04:30:00+00:00,intraday,5,5,2011,3,0,2,0.599858,0.170418,1.0,0.520362,0.0
2026-08-04T04:30:00+00:00,nifty50,5,5,1606,3,1,1,0.531107,0.02085,1.0,0.504198,0.0
2026-08-04T04:30:00+00:00,sensex,5,5,1862,3,2,0,-0.207719,-0.98793,0.572491,0.450208,0.4
2026-08-04T04:45:00+00:00,banknifty,13,12,4086,4,5,4,-0.068098,-0.518645,0.38245,0.579217,0.0
2026-08-04T04:45:00+00:00,intraday,8,8,3149,5,0,3,0.674187,0.34941,0.998964,0.575045,0.125
2026-08-04T04:45:00+00:00,nifty50,5,5,1578,1,3,1,-0.021394,-0.45972,0.416932,0.518585,0.0
2026-08-04T04:45:00+00:00,sensex,11,10,4055,2,4,5,-0.16491,-0.586631,0.25681,0.557588,0.0
2026-08-04T05:00:00+00:00,banknifty,9,9,3308,5,2,2,0.333512,-0.200541,0.867565,0.544439,0.0
2026-08-04T05:00:00+00:00,intraday,8,8,2496,1,0,7,0.154682,-0.095895,0.405259,0.589885,0.25
2026-08-04T05:00:00+00:00,nifty50,7,7,1852,2,3,2,0.136336,-0.2765,0.549173,0.546183,0.0
2026-08-04T05:00:00+00:00,sensex,5,5,1914,2,1,2,0.028628,-0.570207,0.627463,0.486483,0.2
2026-08-04T05:15:00+00:00,banknifty,5,5,1586,2,1,2,0.197534,-0.464242,0.85931,0.473895,0.0
2026-08-04T05:15:00+00:00,intraday,7,7,2725,2,0,5,0.314478,-0.029486,0.658442,0.559957,0.142857
2026-08-04T05:15:00+00:00,nifty50,5,5,1641,2,2,1,0.263344,-0.272033,0.798722,0.499175,0.0
2026-08-04T05:15:00+00:00,sensex,9,9,2884,2,4,3,-0.207567,-0.721702,0.306567,0.548423,0.0
2026-08-04T05:30:00+00:00,banknifty,6,6,1626,1,4,1,-0.508545,-1.0,0.100458,0.495699,0.0
2026-08-04T05:30:00+00:00,intraday,4,3,1331,2,0,2,0.499297,0.009297,0.989296,0.4095,0.0
2026-08-04T05:30:00+00:00,nifty50,2,2,458,0,2,0,-0.333333,-0.333333,-0.333333,0.5725,0.0
2026-08-04T05:30:00+00:00,sensex,6,6,1745,5,0,1,0.766817,0.443106,1.0,0.552758,0.166667
2026-08-04T05:45:00+00:00,banknifty,10,10,3991,3,2,5,0.099047,-0.335665,0.53376,0.575558,0.0
2026-08-04T05:45:00+00:00,intraday,6,6,2101,2,0,4,0.374884,-0.012471,0.762239,0.540029,0.166667
2026-08-04T05:45:00+00:00,nifty50,3,3,782,1,0,2,0.332379,-0.200682,0.865441,0.477138,0.0
2026-08-04T05:45:00+00:00,sensex,9,9,2722,5,4,0,0.105814,-0.543851,0.75548,0.521317,0.0
2026-08-04T06:00:00+00:00,banknifty,7,7,2080,3,2,2,0.146997,-0.475344,0.769337,0.504282,0.0
2026-08-04T06:00:00+00:00,intraday,8,8,2823,2,0,6,0.271987,-0.036371,0.580344,0.578329,0.125
2026-08-04T06:00:00+00:00,nifty50,8,8,2772,4,1,3,0.454534,0.07287,0.836198,0.563667,0.0
2026-08-04T06:00:00+00:00,sensex,7,7,1489,2,3,2,-0.133498,-0.750404,0.483407,0.505369,0.0
2026-08-04T06:15:00+00:00,intraday,12,12,3554,4,0,8,0.356773,0.085727,0.627819,0.630791,0.083333
2026-08-04T06:15:00+00:00,nifty50,5,5,1534,2,1,2,0.333149,-0.155416,0.821714,0.508537,0.0
2026-08-04T06:15:00+00:00,sensex,9,9,2552,4,1,4,0.251826,-0.173784,0.677436,0.566128,0.111111
2026-08-04T06:30:00+00:00,banknifty,6,6,2265,5,1,0,0.661715,0.061785,1.0,0.497514,0.0
2026-08-04T06:30:00+00:00,intraday,6,6,1828,1,0,5,0.190119,-0.123862,0.504101,0.554704,0.166667
2026-08-04T06:30:00+00:00,nifty50,5,5,1560,2,2,1,0.258988,-0.274519,0.792495,0.499549,0.0
2026-08-04T06:30:00+00:00,sensex,8,8,3375,5,1,2,0.426914,-0.065543,0.919371,0.541509,0.125
2026-08-04T06:45:00+00:00,banknifty,8,8,3136,3,4,1,-0.11913,-0.761595,0.523336,0.511507,0.0
2026-08-04T06:45:00+00:00,intraday,9,9,2096,6,0,3,0.666201,0.358109,0.974293,0.589632,0.0
2026-08-04T06:45:00+00:00,nifty50,4,4,1255,2,2,0,0.346969,-0.306227,1.0,0.464361,0.0
2026-08-04T06:45:00+00:00,sensex,3,3,617,1,0,2,0.322864,-0.206242,0.851971,0.477929,0.0
2026-08-04T07:00:00+00:00,banknifty,10,10,3248,3,1,6,0.19714,-0.175076,0.569356,0.588057,0.0
2026-08-04T07:00:00+00:00,intraday,7,7,1766,3,0,4,0.483468,0.113266,0.853671,0.554709,0.142857
2026-08-04T07:00:00+00:00,nifty50,4,4,1200,2,0,2,0.481921,-0.007758,0.971601,0.497064,0.0
2026-08-04T07:00:00+00:00,sensex,9,9,3820,4,3,2,0.010943,-0.544444,0.56633,0.540173,0.111111
2026-08-04T07:15:00+00:00,banknifty,8,8,2810,1,3,4,-0.249161,-0.708223,0.209901,0.548188,0.0
2026-08-04T07:15:00+00:00,intraday,1,1,469,0,0,1,0.0,0.0,0.0,0.56125,1.0
2026-08-04T07:15:00+00:00,nifty50,8,8,3144,4,3,1,0.370589,-0.068277,0.809455,0.552227,0.0
2026-08-04T07:15:00+00:00,sensex,9,9,3109,5,0,4,0.42074,0.112217,0.729263,0.589545,0.222222
2026-08-04T07:30:00+00:00,banknifty,5,5,1009,3,2,0,0.185257,-0.676108,1.0,0.433977,0.0
2026-08-04T07:30:00+00:00,intraday,5,5,1760,3,0,2,0.689254,0.283593,1.0,0.525118,0.2
2026-08-04T07:30:00+00:00,nifty50,8,8,2526,4,3,1,0.367359,-0.071501,0.806218,0.552228,0.0
2026-08-04T07:30:00+00:00,sensex,4,4,1040,2,2,0,0.002763,-0.977234,0.982759,0.399001,0.0
2026-08-04T07:45:00+00:00,banknifty,4,4,1385,1,1,2,0.002586,-0.691033,0.696204,0.456276,0.0
2026-08-04T07:45:00+00:00,intraday,5,5,1312,3,0,2,0.598119,0.168371,1.0,0.5203,0.0
2026-08-04T07:45:00+00:00,nifty50,5,5,1889,3,1,1,0.544937,0.039909,1.0,0.505244,0.0
2026-08-04T07:45:00+00:00,sensex,9,9,2828,1,4,4,-0.340737,-0.781137,0.099662,0.56317,0.0
2026-08-04T08:00:00+00:00,banknifty,12,12,3453,6,4,2,0.177467,-0.328466,0.683401,0.583813,0.0
2026-08-04T08:00:00+00:00,intraday,7,7,2300,1,0,6,0.157823,-0.112258,0.427904,0.574734,0.142857
2026-08-04T08:00:00+00:00,nifty50,4,4,1131,2,1,1,0.417918,-0.166643,1.0,0.478088,0.0
2026-08-04T08:00:00+00:00,sensex,10,10,2935,2,5,3,-0.407981,-0.835129,0.019167,0.57707,0.1
2026-08-04T08:15:00+00:00,banknifty,1,1,562,0,1,0,-1.0,-1.0,-1.0,0.56125,0.0
2026-08-04T08:15:00+00:00,intraday,2,2,620,0,0,2,0.0,0.0,0.0,0.5725,0.0
2026-08-04T08:15:00+00:00,nifty50,4,4,1548,2,2,0,0.335532,-0.317798,0.988862,0.464334,0.0
2026-08-04T08:15:00+00:00,sensex,7,7,1754,4,1,2,0.342853,-0.189126,0.874831,0.522354,0.142857
